A**topic**1**t1**editort1; [[https://en.wikipedia.org/w/index.php?title=User_talk:editort1&action=edit&redlink=1| User Talk Page]];; [[https://docs.google.com/forms/d/e/1FAIpQLSelCKeHVbwJTupkELLLVOsiyX8rbKn3YuTYI6eBYt6cSC2xIw/viewform?usp=pp_url&entry.808388777=**&entry.2036239070=editort1&entry.1509434662| Survey]]
A**topic**2**t2**editort2; [[https://en.wikipedia.org/w/index.php?title=User_talk:editort2&action=edit&redlink=1| User Talk Page]];; [[https://docs.google.com/forms/d/e/1FAIpQLSelCKeHVbwJTupkELLLVOsiyX8rbKn3YuTYI6eBYt6cSC2xIw/viewform?usp=pp_url&entry.808388777=**&entry.2036239070=editort2&entry.1509434662| Survey]]
A**topic**3**t3**editort3; [[https://en.wikipedia.org/w/index.php?title=User_talk:editort3&action=edit&redlink=1| User Talk Page]];; [[https://docs.google.com/forms/d/e/1FAIpQLSelCKeHVbwJTupkELLLVOsiyX8rbKn3YuTYI6eBYt6cSC2xIw/viewform?usp=pp_url&entry.808388777=**&entry.2036239070=editort3&entry.1509434662| Survey]]
B**topic**2**2424**user1; [[https://en.wikipedia.org/w/index.php?title=User_talk:user1&action=edit&redlink=1| User Talk Page]];; [[https://docs.google.com/forms/d/e/1FAIpQLSelCKeHVbwJTupkELLLVOsiyX8rbKn3YuTYI6eBYt6cSC2xIw/viewform?usp=pp_url&entry.808388777=**&entry.2036239070=user1&entry.1509434662| Survey]]
B**topic**1**5145056**user132; [[https://en.wikipedia.org/w/index.php?title=User_talk:user132&action=edit&redlink=1| User Talk Page]];; [[https://docs.google.com/forms/d/e/1FAIpQLSelCKeHVbwJTupkELLLVOsiyX8rbKn3YuTYI6eBYt6cSC2xIw/viewform?usp=pp_url&entry.808388777=**&entry.2036239070=user132&entry.1509434662| Survey]]
US States**topic**7**13410**user4; [[https://en.wikipedia.org/w/index.php?title=User_talk:user4&action=edit&redlink=1| User Talk Page]];; [[https://docs.google.com/forms/d/e/1FAIpQLSelCKeHVbwJTupkELLLVOsiyX8rbKn3YuTYI6eBYt6cSC2xIw/viewform?usp=pp_url&entry.808388777=**&entry.2036239070=user4&entry.1509434662| Survey]]
Military History**topic**20**353535**user3; [[https://en.wikipedia.org/w/index.php?title=User_talk:user3&action=edit&redlink=1| User Talk Page]];; [[https://docs.google.com/forms/d/e/1FAIpQLSelCKeHVbwJTupkELLLVOsiyX8rbKn3YuTYI6eBYt6cSC2xIw/viewform?usp=pp_url&entry.808388777=**&entry.2036239070=user3&entry.1509434662| Survey]]
A**bonds**1**b1**editorb1; [[https://en.wikipedia.org/w/index.php?title=User_talk:editorb1&action=edit&redlink=1| User Talk Page]];; [[https://docs.google.com/forms/d/e/1FAIpQLSelCKeHVbwJTupkELLLVOsiyX8rbKn3YuTYI6eBYt6cSC2xIw/viewform?usp=pp_url&entry.808388777=**&entry.2036239070=editorb1&entry.1509434662| Survey]]
A**bonds**2**b2**editorb2; [[https://en.wikipedia.org/w/index.php?title=User_talk:editorb2&action=edit&redlink=1| User Talk Page]];; [[https://docs.google.com/forms/d/e/1FAIpQLSelCKeHVbwJTupkELLLVOsiyX8rbKn3YuTYI6eBYt6cSC2xIw/viewform?usp=pp_url&entry.808388777=**&entry.2036239070=editorb2&entry.1509434662| Survey]]
A**bonds**3**b3**editorb3; [[https://en.wikipedia.org/w/index.php?title=User_talk:editorb3&action=edit&redlink=1| User Talk Page]];; [[https://docs.google.com/forms/d/e/1FAIpQLSelCKeHVbwJTupkELLLVOsiyX8rbKn3YuTYI6eBYt6cSC2xIw/viewform?usp=pp_url&entry.808388777=**&entry.2036239070=editorb3&entry.1509434662| Survey]]
